{"cameraMode":{"drawMode":0,"name":"Shaded","section":"Shading Mode"},"sceneLighting":false,"audioPlay":false,"sceneViewState":{"showFog":true,"showMaterialUpdate":false,"showSkybox":false,"showFlares":true,"showImageEffects":true,"showParticleSystems":true,"showVisualEffectGraphs":true,"m_FxEnabled":true},"in2DMode":false,"pivot":{"x":-3.063502550125122,"y":0.3966522514820099,"z":-3.4571471214294435},"rotation":{"x":-0.023441486060619355,"y":0.1422865241765976,"z":0.0035550491884350778,"w":0.989726185798645},"size":4.8150458335876469,"orthographic":false}