{"cameraMode":{"drawMode":0,"name":"Shaded","section":"Shading Mode"},"sceneLighting":false,"audioPlay":false,"sceneViewState":{"showFog":true,"showMaterialUpdate":false,"showSkybox":false,"showFlares":true,"showImageEffects":true,"showParticleSystems":true,"showVisualEffectGraphs":true,"m_FxEnabled":true},"in2DMode":false,"pivot":{"x":-194.74636840820313,"y":126.12223815917969,"z":28.006187438964845},"rotation":{"x":0.03599024936556816,"y":-0.01049301028251648,"z":0.0003779105900321156,"w":0.9992973804473877},"size":313.1767883300781,"orthographic":false}