{"cameraMode":{"drawMode":0,"name":"Shaded","section":"Shading Mode"},"sceneLighting":false,"audioPlay":false,"sceneViewState":{"showFog":true,"showMaterialUpdate":false,"showSkybox":false,"showFlares":true,"showImageEffects":true,"showParticleSystems":true,"showVisualEffectGraphs":true,"m_FxEnabled":true},"in2DMode":false,"pivot":{"x":6.384486675262451,"y":1.7441407442092896,"z":-0.47602730989456179},"rotation":{"x":0.01564754545688629,"y":-0.6900037527084351,"z":0.012298427522182465,"w":0.7241525053977966},"size":0.6800100207328796,"orthographic":false}