{"cameraMode":{"drawMode":0,"name":"Shaded","section":"Shading Mode"},"sceneLighting":false,"audioPlay":false,"sceneViewState":{"showFog":true,"showMaterialUpdate":false,"showSkybox":false,"showFlares":true,"showImageEffects":true,"showParticleSystems":true,"showVisualEffectGraphs":true,"m_FxEnabled":true},"in2DMode":false,"pivot":{"x":-0.43033814430236819,"y":0.6107638478279114,"z":2.8763227462768556},"rotation":{"x":-0.03383240848779678,"y":-0.03550730645656586,"z":0.0028808724600821735,"w":-0.9992387294769287},"size":0.9861781001091003,"orthographic":false}