{"cameraMode":{"drawMode":0,"name":"Shaded","section":"Shading Mode"},"sceneLighting":false,"audioPlay":false,"sceneViewState":{"showFog":true,"showMaterialUpdate":false,"showSkybox":false,"showFlares":true,"showImageEffects":true,"showParticleSystems":true,"showVisualEffectGraphs":true,"m_FxEnabled":true},"in2DMode":false,"pivot":{"x":-26.648958206176759,"y":2.2747862339019777,"z":5.1747822761535648},"rotation":{"x":-0.06029815599322319,"y":-0.5022999048233032,"z":0.037100501358509067,"w":-0.8623098134994507},"size":1.7787761688232422,"orthographic":false}