{"cameraMode":{"drawMode":0,"name":"Shaded","section":"Shading Mode"},"sceneLighting":false,"audioPlay":false,"sceneViewState":{"showFog":true,"showMaterialUpdate":false,"showSkybox":false,"showFlares":true,"showImageEffects":true,"showParticleSystems":true},"in2DMode":false,"pivot":{"x":13.14643669128418,"y":6.23289680480957,"z":26.312788009643556},"rotation":{"x":-0.006309772841632366,"y":-0.020104024559259416,"z":0.0000958268137765117,"w":0.9999220967292786},"size":8.573651313781739,"orthographic":false}