{"cameraMode":{"drawMode":0,"name":"Shaded","section":"Shading Mode"},"sceneLighting":false,"audioPlay":false,"sceneViewState":{"showFog":true,"showMaterialUpdate":false,"showSkybox":false,"showFlares":true,"showImageEffects":true,"showParticleSystems":true},"in2DMode":false,"pivot":{"x":5.250999927520752,"y":3.6484999656677248,"z":-18.298099517822267},"rotation":{"x":0.05759832262992859,"y":0.8847910165786743,"z":-0.4482307434082031,"w":0.11369684338569641},"size":25.058818817138673,"orthographic":false}