{"cameraMode":{"drawMode":0,"name":"Shaded","section":"Shading Mode"},"sceneLighting":false,"audioPlay":false,"sceneViewState":{"showFog":true,"showMaterialUpdate":false,"showSkybox":false,"showFlares":true,"showImageEffects":true,"showParticleSystems":true},"in2DMode":false,"pivot":{"x":-0.16014713048934937,"y":-0.6580859422683716,"z":0.6947870850563049},"rotation":{"x":0.10167483985424042,"y":-0.4918319582939148,"z":0.05796206742525101,"w":0.8628239631652832},"size":5.715768814086914,"orthographic":false}