{"cameraMode":{"drawMode":0,"name":"Shaded","section":"Shading Mode"},"sceneLighting":false,"audioPlay":false,"sceneViewState":{"showFog":true,"showMaterialUpdate":false,"showSkybox":false,"showFlares":true,"showImageEffects":true,"showParticleSystems":true,"showVisualEffectGraphs":true,"m_FxEnabled":true},"in2DMode":false,"pivot":{"x":0.35519173741340639,"y":1.6726806163787842,"z":4.244582653045654},"rotation":{"x":0.2383924126625061,"y":-0.005856345873326063,"z":0.00044980557868257165,"w":-0.9716081023216248},"size":0.000017320508050033823,"orthographic":false}